[   
    {
	"hotel":"Newport Inn",
	"phone":"1-800-357-9630",
    "name":"Northeastern Serenade",
    "description":"This elegant suite is highlighted with beautiful & dramatic colors. An antique table and chairs sit in the middle of the room. Windows overlook the sweeping lawn and the town of Newport across the river. Adjoining the elegant room is the newly remodeled bathroom.",
    "cost":{"weekend":"$150.00", "weekday":"$110.00"},
    "details":["HDTV","Free WIFI","Jetted Tub","Playstation 4 or Xbox One"],
    "photo":"images/serenade2.jpg"
    },
    {
	"hotel":"Rockport Inn",
	"phone":"1-800-456-9301",
    "name":"Romantic Escape",
    "description":"This large but cozy room, warmly decorated in taupe and sea green, features a king bed and a pair of wing-backed chairs for relaxing. It is named for another early developer of Rockport who also resided in the home.",
    "cost":{"weekend":"$179.00", "weekday":"$159.00"},
    "details":["Comfy Pillows","Jetted Tub","King Sized Bed"],
    "photo":"images/escape2.jpg"
    },
    {
	"hotel":"Sylvester Green Inn & Suites",
	"phone":"1-800-496-8520",
    "name":"Sea View Suite",
    "description":"A favorite of guests, this bright and spacious room is delightfully decorated in sand and bamboo. It has a large sliding glass door that open out to the deck from which guests can look out over the water. Snuggle into this elegant four-poster or curl up on the sofa to read.",
    "cost":{"weekend":"$270.00", "weekday":"$229.00"},
    "details":["Large Fan","Sliding Glass Door","Beautiful Deck View", "Sun Screen"],
    "photo":"images/ocean-view.jpg"
    }
]